image,page,role,alt
/assets/images/watchmaker.webp,/atelier/,img,
/assets/images/watchmaker.webp,/atelier/,img,Часовщик за работой
/assets/images/watchmaker.webp,/atelier/,poster,
/assets/images/detail-01.webp,/atelier/,poster,
/assets/images/detail-02.webp,/atelier/,poster,
/assets/images/detail-03.webp,/atelier/,poster,
/assets/images/detail-01.webp,/brands/a-lange-soehne/,img,
/assets/images/detail-01.webp,/brands/a-lange-soehne/,img,Механизм часов A. Lange & Söhne
/assets/images/detail-03.webp,/brands/audemars-piguet/,img,
/assets/images/detail-03.webp,/brands/audemars-piguet/,img,Механизм часов Audemars Piguet
/assets/images/detail-01.webp,/brands/blancpain/,img,
/assets/images/detail-01.webp,/brands/blancpain/,img,Механизм часов Blancpain
/assets/images/detail-02.webp,/brands/breguet/,img,
/assets/images/detail-02.webp,/brands/breguet/,img,Механизм часов Breguet
/assets/images/detail-01.webp,/brands/breitling/,img,
/assets/images/detail-01.webp,/brands/breitling/,img,Механизм часов Breitling
/assets/images/detail-03.webp,/brands/cartier/,img,
/assets/images/detail-03.webp,/brands/cartier/,img,Механизм часов Cartier
/assets/images/detail-02.webp,/brands/chopard/,img,
/assets/images/detail-02.webp,/brands/chopard/,img,Механизм часов Chopard
/assets/images/detail-01.webp,/brands/franck-muller/,img,
/assets/images/detail-01.webp,/brands/franck-muller/,img,Механизм часов Franck Muller
/assets/images/detail-03.webp,/brands/frederique-constant/,img,
/assets/images/detail-03.webp,/brands/frederique-constant/,img,Механизм часов Frederique Constant
/assets/images/detail-02.webp,/brands/girard-perregaux/,img,
/assets/images/detail-02.webp,/brands/girard-perregaux/,img,Механизм часов Girard-Perregaux
/assets/images/detail-01.webp,/brands/grand-seiko/,img,
/assets/images/detail-01.webp,/brands/grand-seiko/,img,Механизм часов Grand Seiko
/assets/images/detail-03.webp,/brands/h-moser/,img,
/assets/images/detail-03.webp,/brands/h-moser/,img,Механизм часов H. Moser & Cie.
/assets/images/detail-03.webp,/brands/hublot/,img,
/assets/images/detail-03.webp,/brands/hublot/,img,Механизм часов Hublot
/assets/images/hero-poster.webp,/brands/,img,
/assets/images/detail-02.webp,/brands/iwc/,img,
/assets/images/detail-02.webp,/brands/iwc/,img,Механизм часов IWC Schaffhausen
/assets/images/detail-03.webp,/brands/jaeger-lecoultre/,img,
/assets/images/detail-03.webp,/brands/jaeger-lecoultre/,img,Механизм часов Jaeger-LeCoultre
/assets/images/detail-02.webp,/brands/longines/,img,
/assets/images/detail-02.webp,/brands/longines/,img,Механизм часов Longines
/assets/images/detail-02.webp,/brands/maurice-lacroix/,img,
/assets/images/detail-02.webp,/brands/maurice-lacroix/,img,Механизм часов Maurice Lacroix
/assets/images/detail-02.webp,/brands/omega/,img,
/assets/images/detail-02.webp,/brands/omega/,img,Механизм часов Omega
/assets/images/detail-01.webp,/brands/oris/,img,
/assets/images/detail-01.webp,/brands/oris/,img,Механизм часов Oris
/assets/images/detail-01.webp,/brands/panerai/,img,
/assets/images/detail-01.webp,/brands/panerai/,img,Механизм часов Panerai
/assets/images/detail-02.webp,/brands/parmigiani/,img,
/assets/images/detail-02.webp,/brands/parmigiani/,img,Механизм часов Parmigiani Fleurier
/assets/images/detail-02.webp,/brands/patek-philippe/,img,
/assets/images/detail-02.webp,/brands/patek-philippe/,img,Механизм часов Patek Philippe
/assets/images/detail-03.webp,/brands/piaget/,img,
/assets/images/detail-03.webp,/brands/piaget/,img,Механизм часов Piaget
/assets/images/detail-03.webp,/brands/rado/,img,
/assets/images/detail-03.webp,/brands/rado/,img,Механизм часов Rado
/assets/images/detail-01.webp,/brands/rolex/,img,
/assets/images/detail-01.webp,/brands/rolex/,img,Механизм часов Rolex
/assets/images/detail-02.webp,/brands/tag-heuer/,img,
/assets/images/detail-02.webp,/brands/tag-heuer/,img,Механизм часов TAG Heuer
/assets/images/detail-01.webp,/brands/tissot/,img,
/assets/images/detail-01.webp,/brands/tissot/,img,Механизм часов Tissot
/assets/images/detail-03.webp,/brands/tudor/,img,
/assets/images/detail-03.webp,/brands/tudor/,img,Механизм часов Tudor
/assets/images/detail-01.webp,/brands/ulysse-nardin/,img,
/assets/images/detail-01.webp,/brands/ulysse-nardin/,img,Механизм часов Ulysse Nardin
/assets/images/detail-01.webp,/brands/vacheron-constantin/,img,
/assets/images/detail-01.webp,/brands/vacheron-constantin/,img,Механизм часов Vacheron Constantin
/assets/images/detail-03.webp,/brands/zenith/,img,
/assets/images/detail-03.webp,/brands/zenith/,img,Механизм часов Zenith
/assets/images/hero-poster.webp,/contacts/,img,
/assets/images/hero-poster.webp,/,img,
/assets/images/hero-poster.webp,/,poster,
/assets/images/watchmaker.webp,/,img,Работа часовщика
/assets/images/watchmaker.webp,/,poster,
/assets/images/detail-01.webp,/,img,Механизм часов
/assets/images/detail-02.webp,/,img,Работа с механизмом
/assets/images/detail-01.webp,/,hover-preview,
/assets/images/detail-02.webp,/,hover-preview,
/assets/images/detail-03.webp,/,hover-preview,
/assets/images/detail-01.webp,/,hover-preview,
/assets/images/detail-02.webp,/,hover-preview,
/assets/images/detail-03.webp,/,hover-preview,
/assets/images/detail-01.webp,/,hover-preview,
/assets/images/detail-02.webp,/,hover-preview,
/assets/images/detail-01.webp,/,img,Процесс обслуживания
/assets/images/detail-02.webp,/,img,Часовой механизм
/assets/images/watchmaker.webp,/,img,Omega Seamaster
/assets/images/detail-01.webp,/,img,Corum
/assets/images/detail-03.webp,/,img,Maurice Lacroix
/assets/images/detail-01.webp,/,img,Механизм
/assets/images/detail-01.webp,/,poster,
/assets/images/detail-02.webp,/,img,Микроработа
/assets/images/detail-02.webp,/,poster,
/assets/images/detail-03.webp,/,img,Браслет
/assets/images/detail-03.webp,/,poster,
/assets/images/detail-01.webp,/prices/,img,
/assets/images/detail-03.webp,/services/automatic-winding/,img,
/assets/images/detail-03.webp,/services/automatic-winding/,img,Ремонт автоподзавода
/assets/images/detail-01.webp,/services/chronograph/,img,
/assets/images/detail-01.webp,/services/chronograph/,img,Хронографы и сложные механизмы
/assets/images/detail-01.webp,/services/full-service/,img,
/assets/images/detail-01.webp,/services/full-service/,img,Полное обслуживание механизма
/assets/images/detail-01.webp,/services/glass-replacement/,img,
/assets/images/detail-01.webp,/services/glass-replacement/,img,Замена стекла
/assets/images/watchmaker.webp,/services/,img,
/assets/images/detail-02.webp,/services/movement-repair/,img,
/assets/images/detail-02.webp,/services/movement-repair/,img,Ремонт механизма
/assets/images/detail-03.webp,/services/polishing/,img,
/assets/images/detail-03.webp,/services/polishing/,img,Полировка и восстановление корпуса
/assets/images/detail-02.webp,/services/restoration/,img,
/assets/images/detail-02.webp,/services/restoration/,img,Реставрация
/assets/images/detail-02.webp,/services/water-resistance/,img,
/assets/images/detail-02.webp,/services/water-resistance/,img,Проверка герметичности
/assets/images/detail-02.webp,/works/corum-admirals-cup/,img,
/assets/images/detail-02.webp,/works/corum-admirals-cup/,img,Corum Admiral’s Cup
/assets/images/watchmaker.webp,/works/,img,
/assets/images/detail-03.webp,/works/maurice-lacroix/,img,
/assets/images/detail-03.webp,/works/maurice-lacroix/,img,Maurice Lacroix Mechanical
/assets/images/detail-01.webp,/works/omega-seamaster-planet-ocean/,img,
/assets/images/detail-01.webp,/works/omega-seamaster-planet-ocean/,img,Omega Seamaster Planet Ocean
/assets/images/detail-01.webp,/works/tissot/,img,
/assets/images/detail-01.webp,/works/tissot/,img,Tissot Mechanical
