url,status,final_url,title,description,h1,canonical,robots
https://remontiryemchasi.ru/,200,https://remontiryemchasi.ru/,Ремонт швейцарских часов в Москве — Часовое ателье премиум-класса,"Профессиональный ремонт и техническое обслуживание швейцарских часов в Москве. Восстановление герметичности, чистка ультразвуком, замена стекол и ремешков. Оригинальные комплектующие",РЕМОНТ ШВЕЙЦАРСКИХЧАСОВ В МОСКВЕ,https://remontiryemchasi.ru/,"index, follow, max-image-preview:large, max-snippet:-1, max-video-preview:-1"
https://remontiryemchasi.ru/author/as93yuri/,200,https://remontiryemchasi.ru/author/as93yuri/,"as93yuri, Автор в Часовое ателье",,Автор: as93yuri,https://remontiryemchasi.ru/author/as93yuri/,"index, follow, max-image-preview:large, max-snippet:-1, max-video-preview:-1"
https://remontiryemchasi.ru/blog/,200,https://remontiryemchasi.ru/blog/,Блог - Часовое ателье,,Блог,https://remontiryemchasi.ru/blog/,"index, follow, max-image-preview:large, max-snippet:-1, max-video-preview:-1"
https://remontiryemchasi.ru/brands/,200,https://remontiryemchasi.ru/brands/,Бренды - Часовое ателье,,Бренды часов,https://remontiryemchasi.ru/brands/,"index, follow, max-image-preview:large, max-snippet:-1, max-video-preview:-1"
https://remontiryemchasi.ru/category/%d0%b1%d0%b5%d0%b7-%d1%80%d1%83%d0%b1%d1%80%d0%b8%d0%ba%d0%b8/,200,https://remontiryemchasi.ru/category/%d0%b1%d0%b5%d0%b7-%d1%80%d1%83%d0%b1%d1%80%d0%b8%d0%ba%d0%b8/,Архивы Без рубрики - Часовое ателье,,Без рубрики,https://remontiryemchasi.ru/category/%D0%B1%D0%B5%D0%B7-%D1%80%D1%83%D0%B1%D1%80%D0%B8%D0%BA%D0%B8/,"index, follow, max-image-preview:large, max-snippet:-1, max-video-preview:-1"
https://remontiryemchasi.ru/category/10/,200,https://remontiryemchasi.ru/category/10/,Архивы - Часовое ателье,,—,https://remontiryemchasi.ru/category/10/,"index, follow, max-image-preview:large, max-snippet:-1, max-video-preview:-1"
https://remontiryemchasi.ru/cookie/,200,https://remontiryemchasi.ru/cookie/,Согласие на обработку персональных данных - Часовое ателье,,Согласие на обработку персональных данных,https://remontiryemchasi.ru/cookie/,"index, follow, max-image-preview:large, max-snippet:-1, max-video-preview:-1"
https://remontiryemchasi.ru/kak-chasto-nuzhno-obsluzhivat-chasy/,200,https://remontiryemchasi.ru/kak-chasto-nuzhno-obsluzhivat-chasy/,Как часто нужно обслуживать часы - Часовое ателье,,Как часто нужно обслуживать часы,https://remontiryemchasi.ru/kak-chasto-nuzhno-obsluzhivat-chasy/,"index, follow, max-image-preview:large, max-snippet:-1, max-video-preview:-1"
https://remontiryemchasi.ru/kontakty/,200,https://remontiryemchasi.ru/kontakty/,Контакты - Часовое ателье,,Контакты,https://remontiryemchasi.ru/kontakty/,"index, follow, max-image-preview:large, max-snippet:-1, max-video-preview:-1"
https://remontiryemchasi.ru/prajs-na-uslugi-remonta-chasov/,200,https://remontiryemchasi.ru/prajs-na-uslugi-remonta-chasov/,Прайс на услуги ремонта часов - Часовое ателье,,Прайс на услуги ремонта часов,https://remontiryemchasi.ru/prajs-na-uslugi-remonta-chasov/,"index, follow, max-image-preview:large, max-snippet:-1, max-video-preview:-1"
https://remontiryemchasi.ru/privacy/,200,https://remontiryemchasi.ru/privacy/,Политика конфиденциальности - Часовое ателье,,Политика конфиденциальности,https://remontiryemchasi.ru/privacy/,"index, follow, max-image-preview:large, max-snippet:-1, max-video-preview:-1"
https://remontiryemchasi.ru/raboty/corum-admirals-cup-2/,200,https://remontiryemchasi.ru/raboty/corum-admirals-cup-2/,Corum Admiral's Cup 2 - Часовое ателье,,Corum Admiral’s Cup 2,https://remontiryemchasi.ru/raboty/corum-admirals-cup-2/,"index, follow, max-image-preview:large, max-snippet:-1, max-video-preview:-1"
https://remontiryemchasi.ru/raboty/corum-admirals-cup/,200,https://remontiryemchasi.ru/raboty/corum-admirals-cup/,Corum Admiral's Cup - Часовое ателье,,Corum Admiral’s Cup,https://remontiryemchasi.ru/raboty/corum-admirals-cup/,"index, follow, max-image-preview:large, max-snippet:-1, max-video-preview:-1"
https://remontiryemchasi.ru/raboty/maurice-lacroixalarm/,200,https://remontiryemchasi.ru/raboty/maurice-lacroixalarm/,Maurice LacroixAlarm - Часовое ателье,,Maurice LacroixAlarm,https://remontiryemchasi.ru/raboty/maurice-lacroixalarm/,"index, follow, max-image-preview:large, max-snippet:-1, max-video-preview:-1"
https://remontiryemchasi.ru/raboty/omega-seamaster-planet-ocean/,200,https://remontiryemchasi.ru/raboty/omega-seamaster-planet-ocean/,Omega Seamaster Planet Ocean - Часовое ателье,,Omega Seamaster Planet Ocean,https://remontiryemchasi.ru/raboty/omega-seamaster-planet-ocean/,"index, follow, max-image-preview:large, max-snippet:-1, max-video-preview:-1"
https://remontiryemchasi.ru/raboty/omega-seamasterplanet-ocean-2/,200,https://remontiryemchasi.ru/raboty/omega-seamasterplanet-ocean-2/,Omega Seamaster Planet Ocean 2 - Часовое ателье,,Omega Seamaster Planet Ocean 2,https://remontiryemchasi.ru/raboty/omega-seamasterplanet-ocean-2/,"index, follow, max-image-preview:large, max-snippet:-1, max-video-preview:-1"
https://remontiryemchasi.ru/raboty/tissot-le-locle/,200,https://remontiryemchasi.ru/raboty/tissot-le-locle/,Tissot Le Locle - Часовое ателье,,Tissot Le Locle,https://remontiryemchasi.ru/raboty/tissot-le-locle/,"index, follow, max-image-preview:large, max-snippet:-1, max-video-preview:-1"
https://remontiryemchasi.ru/remont-shvejczarskih-chasov-v-moskve-2/,200,https://remontiryemchasi.ru/remont-shvejczarskih-chasov-v-moskve-2/,Ремонт швейцарских часов в Москве - Часовое ателье,,"Ремонт швейцарских
часов в Москве",https://remontiryemchasi.ru/remont-shvejczarskih-chasov-v-moskve-2/,"index, follow, max-image-preview:large, max-snippet:-1, max-video-preview:-1"
https://remontiryemchasi.ru/stat/,200,https://remontiryemchasi.ru/stat/,Как часто нужно обслуживать часы - Часовое ателье,,Как часто нужно обслуживать часы,https://remontiryemchasi.ru/stat/,"index, follow, max-image-preview:large, max-snippet:-1, max-video-preview:-1"
https://remontiryemchasi.ru/uslugi/,200,https://remontiryemchasi.ru/uslugi/,Архив Услуги - Часовое ателье,,Архивы: Услуги,https://remontiryemchasi.ru/uslugi/,"index, follow, max-image-preview:large, max-snippet:-1, max-video-preview:-1"
https://remontiryemchasi.ru/uslugi/chistka-i-smazka-mehanizma/,200,https://remontiryemchasi.ru/uslugi/chistka-i-smazka-mehanizma/,Чистка и смазка механизма - Часовое ателье,,Чистка и смазка механизма,https://remontiryemchasi.ru/uslugi/chistka-i-smazka-mehanizma/,"index, follow, max-image-preview:large, max-snippet:-1, max-video-preview:-1"
https://remontiryemchasi.ru/uslugi/polirovka-korpusa-ibrasleta/,200,https://remontiryemchasi.ru/uslugi/polirovka-korpusa-ibrasleta/,"Полировка швейцарских часов в Москве | Часовое Ателье ""Хронос""","Профессиональная чистка и полировка часов в Москве. Восстановление заводской геометрии, четкости фасок, лазерное наплавление сколов и УЗ-чистка. Гарантия качества",Полировка часов,https://remontiryemchasi.ru/uslugi/polirovka-korpusa-ibrasleta/,"index, follow, max-image-preview:large, max-snippet:-1, max-video-preview:-1"
https://remontiryemchasi.ru/uslugi/remont-shvejczarskih-chasov/,200,https://remontiryemchasi.ru/uslugi/remont-shvejczarskih-chasov/,Ремонт швейцарских часов - Часовое ателье,,,https://remontiryemchasi.ru/uslugi/remont-shvejczarskih-chasov/,"index, follow, max-image-preview:large, max-snippet:-1, max-video-preview:-1"
https://remontiryemchasi.ru/uslugi/zamena-batarejki/,200,https://remontiryemchasi.ru/uslugi/zamena-batarejki/,Замена батарейки в часах в Москве | Часовое ателье,Профессиональная замена батарейки в часах премиум-класса в Москве. Безупречная замена батарейки в часах без следов вскрытия. Поможем поменять батарейку в часах в день обращения,Замена батарейки в часах,https://remontiryemchasi.ru/uslugi/zamena-batarejki/,"index, follow, max-image-preview:large, max-snippet:-1, max-video-preview:-1"
https://remontiryemchasi.ru/uslugi/zamena-stekla/,200,https://remontiryemchasi.ru/uslugi/zamena-stekla/,Замена стекла - Часовое ателье,,Замена стекла на часах,https://remontiryemchasi.ru/uslugi/zamena-stekla/,"index, follow, max-image-preview:large, max-snippet:-1, max-video-preview:-1"
https://remontiryemchasi.ru/vypolnennye-raboty/,200,https://remontiryemchasi.ru/vypolnennye-raboty/,Выполненные работы - Часовое ателье,,Выполненные работы,https://remontiryemchasi.ru/vypolnennye-raboty/,"index, follow, max-image-preview:large, max-snippet:-1, max-video-preview:-1"
